{
    "_acrid_": {
        "P": 0.7272726611570308,
        "R": 0.017699115005090454
    },
    "_aroma_": {
        "P": 0.9999999090909174,
        "R": 0.024336283131999373
    },
    "_aromas_": {
        "P": 0.9999990000010001,
        "R": 0.0022123893756363067
    },
    "_aromatic_": {
        "P": 0.9999999166666736,
        "R": 0.02654867250763568
    },
    "_bouquet_": {
        "P": 0.34782607183364905,
        "R": 0.017699115005090454
    },
    "_fetid_": {
        "P": 0.6190475895691624,
        "R": 0.028761061883271988
    },
    "_foetid_": {
        "P": "unknown",
        "R": "unknown"
    },
    "_fragrance_": {
        "P": 0.9302325365062202,
        "R": 0.08849557502545227
    },
    "_fragrances_": {
        "P": 0.99999950000025,
        "R": 0.0044247787512726134
    },
    "_fragranced_": {
        "P": "unknown",
        "R": "unknown"
    },
    "_frowsty_": {
        "P": "unknown",
        "R": "unknown"
    },
    "_fusty_": {
        "P": 0.9999990000010001,
        "R": 0.0022123893756363067
    },
    "_malodorous_": {
        "P": 0.99999950000025,
        "R": 0.0044247787512726134
    },
    "_musk_": {
        "P": 0.7999999200000081,
        "R": 0.017699115005090454
    },
    "_musky_": {
        "P": 0.24999993750001562,
        "R": 0.0022123893756363067
    },
    "_musty_": {
        "P": 0.6249999218750099,
        "R": 0.011061946878181534
    },
    "_niff_": {
        "P": "unknown",
        "R": "unknown"
    },
    "_niffs_": {
        "P": "unknown",
        "R": "unknown"
    },
    "_odorous_": {
        "P": 0.6923076390532585,
        "R": 0.01991150438072676
    },
    "_odour_": {
        "P": 0.9285713954081645,
        "R": 0.057522123766543976
    },
    "_odours_": {
        "P": 0.9999997500000625,
        "R": 0.008849557502545227
    },
    "_olfaction_": {
        "P": "unknown",
        "R": "unknown"
    },
    "_perfume_": {
        "P": 0.8933333214222224,
        "R": 0.14823008816763256
    },
    "_perfumes_": {
        "P": 0.7727272376033073,
        "R": 0.037610619385817216
    },
    "_perfumed_": {
        "P": 0.9062499716796885,
        "R": 0.06415929189345289
    },
    "_petrichor_": {
        "P": "unknown",
        "R": "unknown"
    },
    "_pong_": {
        "P": 0.0,
        "R": 0.0
    },
    "_pongs_": {
        "P": "unknown",
        "R": "unknown"
    },
    "_piny_": {
        "P": 0.0,
        "R": 0.0
    },
    "_piney_": {
        "P": "unknown",
        "R": "unknown"
    },
    "_pungency_": {
        "P": 0.9999990000010001,
        "R": 0.0022123893756363067
    },
    "_pungent_": {
        "P": 0.8999999100000091,
        "R": 0.01991150438072676
    },
    "_pungently_": {
        "P": 0.9999990000010001,
        "R": 0.0022123893756363067
    },
    "_putrid_": {
        "P": 0.0,
        "R": 0.0
    },
    "_redolence_": {
        "P": 0.9999990000010001,
        "R": 0.0022123893756363067
    },
    "_redolent_": {
        "P": 0.4285713673469475,
        "R": 0.00663716812690892
    },
    "_reek_": {
        "P": 0.99999950000025,
        "R": 0.0044247787512726134
    },
    "_reeks_": {
        "P": 0.499999750000125,
        "R": 0.0022123893756363067
    },
    "_reeked_": {
        "P": 0.799999840000032,
        "R": 0.008849557502545227
    },
    "_ripe_": {
        "P": 0.0952380929705216,
        "R": 0.008849557502545227
    },
    "_ripeness_": {
        "P": 0.0,
        "R": 0.0
    },
    "_savour_": {
        "P": 0.49999991666668053,
        "R": 0.00663716812690892
    },
    "_scent_": {
        "P": 0.8815789357686983,
        "R": 0.14823008816763256
    },
    "_scents_": {
        "P": 0.9473683711911383,
        "R": 0.03982300876145352
    },
    "_scented_": {
        "P": 0.7187499775390632,
        "R": 0.050884955639635056
    },
    "_smell_": {
        "P": 0.7985611453340925,
        "R": 0.24557522069563004
    },
    "_smells_": {
        "P": 0.9374999414062536,
        "R": 0.0331858406345446
    },
    "_smelled_": {
        "P": 0.6363636074380178,
        "R": 0.030973451258908293
    },
    "_smelt_": {
        "P": 0.7058823114186875,
        "R": 0.02654867250763568
    },
    "_smelly_": {
        "P": 0.99999950000025,
        "R": 0.0044247787512726134
    },
    "_sniff_": {
        "P": 0.33333327777778704,
        "R": 0.0044247787512726134
    },
    "_sniffs_": {
        "P": "unknown",
        "R": "unknown"
    },
    "_sniffed_": {
        "P": 0.19999998000000202,
        "R": 0.0044247787512726134
    },
    "_stench_": {
        "P": 0.9999997500000625,
        "R": 0.008849557502545227
    },
    "_stink_": {
        "P": 0.9999997500000625,
        "R": 0.008849557502545227
    },
    "_stinks_": {
        "P": "unknown",
        "R": "unknown"
    },
    "_stinky_": {
        "P": "unknown",
        "R": "unknown"
    },
    "_waft_": {
        "P": 0.49999987500003124,
        "R": 0.0044247787512726134
    },
    "_whiff_": {
        "P": 0.6666665925926009,
        "R": 0.01327433625381784
    },
    "_whiffs_": {
        "P": 0.7499998125000469,
        "R": 0.00663716812690892
    },
    "_whiffy_": {
        "P": "unknown",
        "R": "unknown"
    }
}